name,id,rare
0,17_1_17_4_1_2,403200
1,15_1_13_9_1_5,230400
2,13_1_18_11_1_13,19200
3,18_3_19_17_1_2,67200
4,7_2_20_15_1_2,100800
5,10_1_19_18_1_3,201600
6,13_1_14_12_1_5,230400
7,13_1_14_17_1_5,230400
8,16_1_8_18_1_4,115200
9,9_1_14_5_1_16,9600
10,15_2_5_4_1_2,100800
11,15_1_19_14_1_6,230400
12,17_1_2_1_1_2,50400
13,13_1_13_10_1_1,192000
14,19_1_19_18_1_3,403200
15,6_3_17_5_1_3,33600
16,18_1_17_14_1_3,403200
17,16_3_5_18_1_2,33600
18,19_2_8_20_1_3,100800
19,19_1_16_20_1_6,230400
20,19_1_11_14_1_2,201600
21,9_3_16_9_1_11,1600
22,17_1_13_7_1_2,403200
23,20_2_12_8_1_4,57600
24,13_1_3_17_1_3,50400
25,11_1_12_9_1_5,57600
26,9_3_13_14_1_3,33600
27,19_2_14_15_1_12,9600
28,18_1_16_1_1_2,403200
29,20_1_10_7_1_3,201600
30,10_2_20_6_1_4,57600
31,16_1_11_9_1_3,201600
32,7_1_18_11_1_6,115200
33,14_1_13_18_1_2,403200
34,19_1_16_14_1_2,403200
35,19_1_8_4_1_4,115200
36,19_2_15_19_1_5,115200
37,5_1_14_20_1_3,201600
38,12_2_17_11_1_2,100800
39,10_1_6_6_1_2,100800
40,5_2_18_15_1_5,57600
41,19_2_19_15_1_18,9600
42,15_2_5_15_1_2,100800
43,16_2_10_16_1_8,4800
44,7_3_19_2_1_2,33600
45,16_1_17_5_1_2,403200
46,7_2_18_6_1_6,57600
47,16_1_10_19_1_6,115200
48,9_2_17_4_1_2,100800
49,17_2_17_4_1_3,201600
50,13_1_14_7_1_1,192000
51,16_3_18_9_1_14,3200
52,11_1_10_9_1_2,100800
53,10_1_15_1_1_1,96000
54,1_2_11_3_1_3,12600
55,8_1_11_12_1_4,57600
56,16_1_15_19_1_2,403200
57,14_1_17_1_1_2,403200
58,17_2_15_2_1_3,201600
59,10_2_13_4_1_5,57600
60,14_1_11_11_1_4,115200
61,20_1_1_19_1_1,24000
62,13_2_6_7_1_3,100800
63,13_2_14_10_1_3,201600
64,7_1_13_16_1_3,201600
65,15_2_13_7_1_5,115200
66,9_1_3_5_1_3,25200
67,12_1_10_4_1_3,100800
68,17_1_8_6_1_6,115200
69,17_2_16_15_1_5,115200
70,17_1_18_14_1_5,230400
71,19_1_19_17_1_1,192000
72,17_1_5_20_1_3,201600
73,12_1_14_11_1_3,201600
74,6_1_14_13_1_5,115200
75,16_1_16_1_1_2,403200
76,12_2_6_1_1_2,50400
77,14_1_6_12_1_11,9600
78,14_1_9_4_1_4,115200
79,15_1_16_7_1_4,230400
80,16_1_14_1_1_2,403200
81,13_1_15_2_1_5,230400
82,5_1_20_2_1_3,201600
83,10_1_19_9_1_2,201600
84,18_2_18_10_1_5,115200
85,20_1_19_15_1_6,230400
86,15_1_18_13_1_6,230400
87,13_1_16_3_1_4,230400
88,6_2_14_13_1_16,4800
89,11_2_5_2_1_2,50400
90,19_1_14_3_1_5,230400
91,14_3_6_20_1_4,19200
92,7_1_9_7_1_6,57600
93,19_1_18_8_1_3,403200
94,18_1_17_20_1_4,230400
95,10_1_14_9_1_6,115200
96,2_3_20_1_1_7,400
97,14_1_20_12_1_1,192000
98,12_1_13_20_1_1,96000
99,10_1_9_3_1_2,100800
100,17_2_15_2_1_2,201600
101,19_1_15_7_1_1,192000
102,8_1_15_19_1_3,201600
103,17_1_19_4_1_3,403200
104,6_2_8_16_1_6,28800
105,13_1_6_5_1_6,115200
106,16_1_2_1_1_9,2400
107,16_2_14_17_1_5,115200
108,18_1_7_13_1_6,115200
109,18_1_12_20_1_2,201600
110,20_1_5_5_1_4,115200
111,6_2_8_2_1_4,28800
112,7_1_20_16_1_6,115200
113,5_2_10_9_1_4,28800
114,20_1_15_7_1_6,230400
115,16_2_20_3_1_2,201600
116,12_1_1_9_1_18,1200
117,12_2_10_4_1_2,50400
118,19_2_6_7_1_3,100800
119,18_2_15_2_1_2,201600
120,15_3_10_4_1_5,19200
121,20_1_12_15_1_3,201600
122,20_1_7_17_1_7,9600
123,15_2_18_16_1_2,201600
124,10_2_6_3_1_5,28800
125,15_2_17_11_1_6,115200
126,12_1_13_20_1_2,201600
127,12_2_8_9_1_5,28800
128,19_2_13_18_1_4,115200
129,20_1_14_12_1_3,403200
130,2_1_13_4_1_3,50400
131,14_1_20_13_1_1,192000
132,13_1_7_19_1_5,115200
133,6_2_6_2_1_2,50400
134,13_1_5_7_1_4,115200
135,14_1_10_20_1_3,201600
136,15_2_5_13_1_2,100800
137,19_1_6_1_1_3,201600
138,17_3_2_9_1_6,4800
139,10_2_5_9_1_3,50400
140,18_3_18_15_1_6,38400
141,2_3_17_16_1_3,8400
142,13_1_10_8_1_6,115200
143,5_2_15_12_1_3,100800
144,5_2_9_16_1_5,28800
145,19_2_19_12_1_3,201600
146,19_1_14_15_1_3,403200
147,19_1_5_10_1_1,96000
148,20_2_13_7_1_3,201600
149,17_1_13_9_1_3,403200
150,6_1_16_16_1_3,201600
151,19_1_17_9_1_6,230400
152,9_2_17_1_1_5,57600
153,14_2_13_17_1_4,115200
154,6_1_18_15_1_17,9600
155,6_2_18_15_1_4,57600
156,3_1_6_11_1_1,12000
157,11_1_14_12_1_2,201600
158,14_1_14_17_1_5,230400
159,7_1_5_5_1_6,57600
160,20_2_19_2_1_5,115200
161,11_1_16_19_1_3,201600
162,15_1_10_20_1_6,115200
163,8_1_13_15_1_3,201600
164,4_1_16_17_1_3,50400
165,18_1_16_18_1_2,403200
166,11_1_11_15_1_3,100800
167,16_1_13_20_1_5,230400
168,19_3_16_2_1_2,67200
169,20_1_17_6_1_5,230400
170,17_1_13_3_1_3,403200
171,9_2_6_5_1_3,50400
172,19_1_18_16_1_3,403200
173,18_1_15_8_1_3,403200
174,5_2_19_8_1_2,100800
175,18_1_5_8_1_1,96000
176,16_2_7_20_1_4,57600
177,20_2_9_18_1_3,100800
178,16_1_15_12_1_4,230400
179,14_1_20_20_1_3,403200
180,15_3_15_8_1_5,38400
181,16_1_19_4_1_1,192000
182,3_2_15_13_1_1,12000
183,20_1_7_19_1_2,201600
184,18_1_18_17_1_5,230400
185,17_1_10_19_1_6,115200
186,16_1_16_18_1_5,230400
187,19_1_13_18_1_2,403200
188,11_1_8_3_1_2,100800
189,8_2_14_8_1_3,100800
190,7_1_19_9_1_1,96000
191,13_1_15_13_1_4,230400
192,4_1_14_2_1_13,2400
193,10_2_7_4_1_6,28800
194,17_3_12_15_1_2,33600
195,5_3_16_13_1_5,19200
196,4_2_4_17_1_2,3150
197,5_3_20_9_1_3,33600
198,8_2_15_8_1_2,100800
199,18_1_10_20_1_10,9600
200,19_1_12_6_1_4,115200
201,5_1_8_10_1_1,48000
202,6_1_12_2_1_3,100800
203,18_1_20_14_1_3,403200
204,20_1_9_9_1_2,201600
205,18_1_19_8_1_6,230400
206,13_2_13_10_1_4,115200
207,14_1_6_8_1_5,115200
208,19_1_16_12_1_15,19200
209,16_2_19_19_1_4,115200
210,12_3_19_7_1_3,33600
211,15_1_16_15_1_11,19200
212,13_1_3_3_1_2,50400
213,11_1_18_3_1_1,96000
214,6_1_15_17_1_6,115200
215,20_1_20_10_1_6,230400
216,18_1_12_6_1_10,9600
217,18_2_14_8_1_10,9600
218,13_2_12_9_1_3,100800
219,5_2_19_1_1_12,4800
220,12_2_20_16_1_2,100800
221,9_2_16_8_1_2,100800
222,17_1_5_15_1_2,201600
223,19_1_5_13_1_1,96000
224,18_1_1_14_1_6,28800
225,16_1_16_6_1_5,230400
226,3_3_8_12_1_6,2400
227,17_3_13_16_1_3,67200
228,14_1_20_11_1_5,230400
229,14_1_18_14_1_3,403200
230,10_1_8_6_1_3,100800
231,13_1_3_8_1_3,50400
232,9_2_5_8_1_6,28800
233,6_3_20_19_1_3,33600
234,20_1_18_11_1_5,230400
235,13_2_8_18_1_1,48000
236,6_2_20_20_1_1,48000
237,13_1_16_17_1_2,403200
238,10_2_16_2_1_4,57600
239,18_2_19_5_1_2,201600
240,17_1_14_9_1_6,230400
241,8_2_10_10_1_6,28800
242,17_1_17_15_1_4,230400
243,15_1_17_11_1_1,192000
244,14_2_17_9_1_2,201600
245,9_1_20_5_1_3,201600
246,8_2_9_14_1_2,50400
247,17_1_11_6_1_3,201600
248,19_1_5_3_1_1,96000
249,8_1_13_17_1_16,9600
250,18_1_15_15_1_2,403200
251,12_1_5_11_1_8,4800
252,20_1_19_15_1_5,230400
253,16_1_11_17_1_2,201600
254,14_1_9_10_1_3,201600
255,13_1_11_18_1_10,9600
256,15_2_18_18_1_3,201600
257,15_1_15_12_1_5,230400
258,6_2_11_5_1_5,28800
259,12_2_16_18_1_3,100800
260,16_1_13_6_1_18,19200
261,7_2_13_16_1_1,48000
262,19_1_17_10_1_4,230400
263,18_1_14_10_1_2,403200
264,15_2_9_19_1_1,48000
265,8_1_20_7_1_1,96000
266,18_1_5_4_1_4,115200
267,13_1_14_16_1_2,403200
268,15_2_20_18_1_4,115200
269,10_2_15_3_1_6,57600
270,3_1_19_2_1_4,28800
271,13_1_2_6_1_3,50400
272,20_1_9_3_1_1,96000
273,12_1_14_8_1_1,96000
274,20_2_18_8_1_3,201600
275,13_1_17_10_1_2,403200
276,18_2_19_8_1_3,201600
277,3_1_17_17_1_5,28800
278,20_3_5_1_1_2,33600
279,14_1_14_3_1_2,403200
280,5_2_19_20_1_2,100800
281,15_1_11_10_1_1,96000
282,18_1_15_6_1_2,403200
283,18_3_14_15_1_4,38400
284,5_2_15_18_1_6,57600
285,13_1_14_6_1_4,230400
286,11_1_7_19_1_4,57600
287,5_2_18_5_1_2,100800
288,13_1_4_8_1_3,50400
289,13_1_19_2_1_6,230400
290,12_2_16_4_1_3,100800
291,19_2_16_15_1_6,115200
292,15_1_17_8_1_2,403200
293,17_1_13_17_1_2,403200
294,11_2_14_20_1_2,100800
295,14_2_14_17_1_2,201600
296,16_1_19_8_1_3,403200
297,19_1_12_17_1_2,201600
298,17_1_3_1_1_2,50400
299,19_2_20_12_1_5,115200
300,16_3_13_20_1_3,67200
301,5_2_13_3_1_3,100800
302,17_2_2_13_1_2,25200
303,6_1_13_8_1_3,201600
304,20_1_8_4_1_6,115200
305,13_1_15_12_1_3,403200
306,5_1_14_7_1_5,115200
307,11_3_14_14_1_5,19200
308,18_1_20_13_1_2,403200
309,6_1_14_20_1_3,201600
310,16_2_18_9_1_15,9600
311,11_2_8_2_1_3,50400
312,18_2_6_1_1_2,100800
313,20_3_9_19_1_5,19200
314,8_2_19_7_1_3,100800
315,12_1_5_1_1_2,100800
316,15_1_9_1_1_3,201600
317,19_1_15_17_1_1,192000
318,19_1_19_6_1_3,403200
319,19_3_10_3_1_1,16000
320,9_2_13_15_1_4,57600
321,16_2_20_20_1_16,9600
322,14_1_18_6_1_2,403200
323,20_1_15_6_1_2,403200
324,18_1_7_4_1_2,201600
325,8_1_18_4_1_2,201600
326,17_2_7_20_1_6,57600
327,10_1_11_8_1_16,4800
328,17_2_11_7_1_6,57600
329,19_1_14_7_1_3,403200
330,20_1_11_10_1_2,201600
331,17_2_18_9_1_3,201600
332,18_3_14_9_1_3,67200
333,14_2_8_10_1_3,100800
334,16_2_10_16_1_2,100800
335,6_2_12_13_1_2,50400
336,15_1_10_4_1_4,115200
337,13_1_11_5_1_2,201600
338,10_2_10_8_1_8,2400
339,6_1_16_2_1_6,115200
340,18_1_20_9_1_2,403200
341,10_2_20_17_1_3,100800
342,15_2_19_16_1_6,115200
343,20_2_19_9_1_5,115200
344,19_1_18_14_1_5,230400
345,15_2_10_17_1_3,100800
346,16_1_20_7_1_3,403200
347,9_2_14_12_1_2,100800
348,10_1_17_17_1_4,115200
349,13_1_20_1_1_3,403200
350,18_2_17_10_1_18,9600
351,13_1_14_12_1_4,230400
352,14_2_19_5_1_5,115200
353,6_1_14_5_1_6,115200
354,20_1_7_2_1_2,201600
355,7_1_13_1_1_3,201600
356,7_1_13_19_1_3,201600
357,6_2_10_13_1_17,2400
358,13_2_20_4_1_3,201600
359,12_1_12_18_1_2,100800
360,6_3_16_20_1_3,33600
361,10_2_6_18_1_5,28800
362,19_2_7_7_1_11,4800
363,14_2_5_2_1_7,4800
364,19_2_8_1_1_2,100800
365,16_3_15_4_1_3,67200
366,19_3_9_11_1_12,1600
367,15_1_1_12_1_4,28800
368,6_1_13_19_1_2,201600
369,15_2_9_14_1_6,57600
370,8_2_5_19_1_2,50400
371,13_1_16_19_1_3,403200
372,11_2_8_8_1_5,28800
373,7_3_19_17_1_4,19200
374,3_2_14_1_1_6,14400
375,15_1_17_13_1_5,230400
376,11_2_11_1_1_2,50400
377,19_1_20_13_1_6,230400
378,8_1_19_2_1_3,201600
379,18_1_20_6_1_4,230400
380,7_1_6_10_1_9,4800
381,6_1_15_16_1_2,201600
382,18_2_8_17_1_1,48000
383,5_1_10_8_1_4,57600
384,10_2_16_9_1_3,100800
385,3_3_13_12_1_2,8400
386,9_1_4_19_1_3,25200
387,20_2_14_8_1_2,201600
388,13_2_20_9_1_14,9600
389,16_2_11_7_1_12,4800
390,14_1_20_7_1_1,192000
391,3_2_15_8_1_6,14400
392,18_2_17_12_1_6,115200
393,8_2_16_4_1_3,100800
394,15_1_14_19_1_1,192000
395,14_1_19_13_1_1,192000
396,7_3_10_4_1_1,8000
397,15_2_20_11_1_2,201600
398,16_1_14_20_1_1,192000
399,13_1_6_13_1_9,9600
400,17_3_14_17_1_3,67200
401,18_1_14_19_1_18,19200
402,10_1_15_17_1_5,115200
403,15_1_18_2_1_6,230400
404,16_1_19_12_1_3,403200
405,14_1_9_8_1_3,201600
406,17_1_19_14_1_16,19200
407,5_1_14_20_1_1,96000
408,18_2_7_16_1_6,57600
409,16_2_19_18_1_2,201600
410,5_2_20_7_1_3,100800
411,19_1_11_10_1_2,201600
412,18_1_19_10_1_3,403200
413,5_1_7_12_1_6,57600
414,19_1_11_13_1_2,201600
415,15_1_19_10_1_6,230400
416,16_3_13_2_1_3,67200
417,14_1_17_16_1_2,403200
418,8_3_9_6_1_4,9600
419,16_2_5_15_1_3,100800
420,20_1_5_11_1_3,201600
421,6_1_8_17_1_6,57600
422,13_1_11_4_1_6,115200
423,17_1_16_17_1_1,192000
424,20_1_8_12_1_2,201600
425,17_1_16_17_1_3,403200
426,14_1_17_2_1_6,230400
427,15_3_15_12_1_6,38400
428,4_1_11_3_1_6,14400
429,20_1_13_1_1_2,403200
430,20_2_5_10_1_4,57600
431,16_2_10_16_1_3,100800
432,13_2_11_9_1_6,57600
433,8_3_13_8_1_3,33600
434,17_2_3_3_1_2,25200
435,20_2_16_4_1_1,96000
436,19_3_19_8_1_2,67200
437,6_1_16_5_1_2,201600
438,18_3_18_7_1_3,67200
439,13_2_14_17_1_4,115200
440,9_2_20_20_1_2,100800
441,9_1_16_4_1_5,115200
442,15_1_12_17_1_3,201600
443,11_1_10_17_1_2,100800
444,9_1_16_18_1_2,201600
445,19_1_11_7_1_2,201600
446,15_1_18_10_1_2,403200
447,13_1_10_18_1_4,115200
448,16_1_4_6_1_6,28800
449,19_1_6_1_1_6,115200
450,20_1_14_18_1_14,19200
451,11_1_6_20_1_5,57600
452,17_1_20_19_1_5,230400
453,10_1_4_11_1_7,1200
454,18_2_10_18_1_6,57600
455,18_1_17_10_1_1,192000
456,14_2_19_13_1_5,115200
457,19_1_14_6_1_2,403200
458,4_2_9_5_1_6,7200
459,13_3_9_5_1_3,33600
460,14_1_18_1_1_4,230400
461,11_1_17_8_1_3,201600
462,10_1_20_16_1_9,9600
463,19_2_16_13_1_3,201600
464,6_1_16_5_1_3,201600
465,19_2_18_3_1_16,9600
466,11_1_20_10_1_5,115200
467,16_2_16_16_1_2,201600
468,18_1_19_11_1_13,19200
469,14_1_7_11_1_4,115200
470,15_1_1_20_1_4,28800
471,18_1_13_11_1_4,230400
472,3_1_18_15_1_4,28800
473,12_2_11_20_1_4,28800
474,14_1_14_10_1_5,230400
475,15_2_17_11_1_2,201600
476,18_1_4_7_1_2,50400
477,14_2_13_19_1_18,9600
478,11_1_7_11_1_2,100800
479,18_1_16_16_1_4,230400
480,12_3_13_11_1_3,33600
481,18_2_14_1_1_2,201600
482,15_2_7_19_1_2,100800
483,17_1_12_17_1_1,96000
484,14_2_19_8_1_3,201600
485,16_1_13_10_1_3,403200
486,7_2_8_5_1_5,28800
487,9_2_8_6_1_5,28800
488,16_2_15_10_1_5,115200
489,16_1_9_11_1_11,9600
490,18_3_20_2_1_3,67200
491,12_2_16_2_1_2,100800
492,18_1_14_8_1_2,403200
493,17_1_15_9_1_12,19200
494,20_2_15_7_1_5,115200
495,17_2_14_3_1_3,201600
496,3_1_10_5_1_3,25200
497,16_2_15_5_1_6,115200
498,13_2_19_5_1_3,201600
499,15_2_20_20_1_1,96000
500,15_3_12_11_1_3,33600
501,16_1_14_18_1_2,403200
502,16_3_12_17_1_4,19200
503,14_1_12_5_1_13,9600
504,13_1_15_12_1_1,192000
505,2_1_20_20_1_1,24000
506,20_2_16_18_1_6,115200
507,9_3_13_17_1_3,33600
508,11_2_2_19_1_2,12600
509,12_1_13_17_1_3,201600
510,9_3_20_11_1_2,33600
511,17_1_18_17_1_2,403200
512,17_1_20_1_1_5,230400
513,16_1_18_8_1_2,403200
514,7_1_14_6_1_3,201600
515,9_2_20_4_1_1,48000
516,11_2_19_10_1_2,100800
517,13_2_16_7_1_5,115200
518,10_2_14_13_1_5,57600
519,17_1_10_4_1_3,201600
520,9_2_12_11_1_5,28800
521,17_1_18_2_1_4,230400
522,16_2_9_16_1_3,100800
523,15_1_15_20_1_4,230400
524,17_2_19_1_1_9,9600
525,5_1_14_8_1_2,201600
526,7_1_15_13_1_4,115200
527,10_2_13_4_1_17,4800
528,20_2_13_4_1_4,115200
529,15_3_5_19_1_5,19200
530,10_2_19_5_1_2,100800
531,12_2_13_20_1_1,48000
532,9_1_19_9_1_3,201600
533,15_2_9_4_1_6,57600
534,18_2_19_2_1_2,201600
535,19_1_13_13_1_6,230400
536,18_2_18_9_1_3,201600
537,10_1_11_14_1_3,100800
538,15_1_18_3_1_18,19200
539,19_1_4_1_1_17,2400
540,5_1_20_3_1_4,115200
541,15_1_19_12_1_1,192000
542,5_2_17_15_1_2,100800
543,14_2_17_15_1_3,201600
544,15_1_15_3_1_3,403200
545,9_1_16_13_1_2,201600
546,8_1_17_12_1_4,115200
547,13_1_5_17_1_6,115200
548,20_2_19_3_1_3,201600
549,2_1_13_13_1_2,50400
550,12_2_13_15_1_2,100800
551,9_1_11_3_1_3,100800
552,12_2_5_13_1_1,24000
553,13_2_5_9_1_13,4800
554,10_1_15_8_1_2,201600
555,16_1_20_17_1_2,403200
556,18_1_19_16_1_4,230400
557,17_1_6_14_1_4,115200
558,20_3_20_2_1_5,38400
559,14_1_16_18_1_6,230400
560,15_2_10_8_1_6,57600
561,18_1_16_7_1_18,19200
562,13_1_3_1_1_5,28800
563,9_1_14_18_1_4,115200
564,15_1_5_9_1_5,115200
565,17_2_17_3_1_5,115200
566,8_2_4_8_1_2,12600
567,19_3_19_8_1_3,67200
568,16_1_11_17_1_1,96000
569,12_2_8_1_1_4,28800
570,5_2_17_4_1_6,57600
571,6_1_6_5_1_5,57600
572,19_1_14_20_1_6,230400
573,16_1_13_14_1_2,403200
574,17_1_19_13_1_5,230400
575,3_1_16_19_1_1,24000
576,17_1_20_14_1_3,403200
577,16_1_17_17_1_3,403200
578,19_2_9_8_1_2,100800
579,16_1_20_17_1_3,403200
580,10_1_16_16_1_5,115200
581,12_1_18_8_1_6,115200
582,14_3_15_7_1_3,67200
583,15_2_15_4_1_5,115200
584,6_3_15_6_1_10,1600
585,5_1_17_19_1_1,96000
586,13_2_18_13_1_4,115200
587,17_2_14_15_1_6,115200
588,7_1_15_1_1_2,201600
589,7_1_19_9_1_3,201600
590,7_1_5_1_1_6,57600
591,5_1_16_8_1_4,115200
592,15_1_16_13_1_11,19200
593,19_2_20_12_1_3,201600
594,8_2_19_6_1_6,57600
595,9_1_16_5_1_3,201600
596,11_1_1_13_1_2,25200
597,9_1_14_12_1_3,201600
598,10_1_16_10_1_1,96000
599,13_2_13_13_1_2,201600
600,15_1_12_16_1_4,115200
601,9_1_18_8_1_2,201600
602,16_3_17_16_1_3,67200
603,13_1_19_1_1_1,192000
604,17_3_11_9_1_6,19200
605,18_3_13_5_1_13,3200
606,16_1_18_2_1_3,403200
607,13_2_18_9_1_11,9600
608,2_2_20_19_1_8,1200
609,15_1_5_2_1_2,201600
610,17_1_12_3_1_2,201600
611,17_1_16_19_1_2,403200
612,10_1_3_3_1_3,25200
613,18_2_9_15_1_2,100800
614,14_2_16_2_1_2,201600
615,16_1_10_16_1_2,201600
616,20_3_19_9_1_2,67200
617,9_2_17_13_1_2,100800
618,5_1_10_17_1_3,100800
619,15_1_8_14_1_6,115200
620,8_1_19_11_1_3,201600
621,20_1_8_1_1_4,115200
622,15_1_11_11_1_5,115200
623,15_3_8_4_1_2,33600
624,13_1_8_15_1_2,201600
625,10_1_20_10_1_7,9600
626,14_1_19_6_1_6,230400
627,18_1_15_14_1_1,192000
628,17_2_18_7_1_5,115200
629,20_1_15_16_1_1,192000
630,18_2_5_16_1_5,57600
631,14_1_18_13_1_1,192000
632,20_1_6_9_1_6,115200
633,18_3_14_11_1_2,67200
634,17_1_18_6_1_3,403200
635,16_2_5_8_1_16,4800
636,14_2_7_8_1_6,57600
637,8_1_19_6_1_3,201600
638,16_3_13_14_1_17,3200
639,19_1_15_1_1_15,19200
640,7_2_17_2_1_4,57600
641,16_1_20_11_1_3,403200
642,17_1_15_17_1_3,403200
643,17_2_9_5_1_5,57600
644,14_1_14_12_1_2,403200
645,17_2_16_13_1_6,115200
646,12_2_20_1_1_5,57600
647,11_3_14_12_1_2,33600
648,19_1_4_17_1_3,50400
649,12_1_6_12_1_1,48000
650,19_3_12_12_1_17,1600
651,17_1_5_2_1_16,9600
652,6_1_14_7_1_6,115200
653,7_1_18_7_1_2,201600
654,18_1_14_16_1_5,230400
655,15_1_18_10_1_4,230400
656,16_2_14_12_1_2,201600
657,19_2_15_12_1_3,201600
658,17_1_19_2_1_6,230400
659,8_1_16_12_1_4,115200
660,12_2_19_6_1_3,100800
661,5_1_19_1_1_3,201600
662,15_3_5_17_1_1,16000
663,18_2_17_6_1_12,9600
664,18_2_14_13_1_5,115200
665,19_1_18_4_1_15,19200
666,20_2_8_6_1_6,57600
667,17_2_7_6_1_4,57600
668,16_1_6_16_1_4,115200
669,11_1_11_1_1_6,57600
670,5_1_5_18_1_4,57600
671,13_2_17_7_1_4,115200
672,13_2_5_7_1_6,57600
673,7_2_18_15_1_2,100800
674,15_1_8_5_1_5,115200
675,19_3_10_20_1_2,33600
676,9_1_20_19_1_1,96000
677,17_1_15_6_1_2,403200
678,7_2_18_20_1_2,100800
679,8_1_20_17_1_5,115200
680,6_1_3_10_1_3,25200
681,5_1_9_14_1_5,57600
682,6_1_19_2_1_2,201600
683,1_2_14_17_1_3,25200
684,13_1_7_1_1_13,9600
685,8_1_19_19_1_2,201600
686,5_2_15_16_1_6,57600
687,16_1_10_6_1_4,115200
688,12_1_18_13_1_3,201600
689,5_1_15_18_1_5,115200
690,19_1_17_17_1_2,403200
691,3_2_7_5_1_2,12600
692,16_2_16_15_1_2,201600
693,16_1_13_5_1_1,192000
694,19_3_15_11_1_1,32000
695,17_1_8_8_1_6,115200
696,17_2_2_18_1_5,14400
697,14_2_15_19_1_6,115200
698,15_1_14_9_1_7,19200
699,5_1_11_11_1_6,57600
700,12_1_13_2_1_2,201600
701,1_1_16_9_1_2,50400
702,18_1_17_10_1_2,403200
703,19_1_16_20_1_1,192000
704,14_1_20_3_1_5,230400
705,5_1_11_8_1_3,100800
706,15_2_5_8_1_3,100800
707,20_2_16_2_1_2,201600
708,17_1_1_17_1_2,50400
709,17_3_14_14_1_5,38400
710,11_1_18_12_1_1,96000
711,6_1_16_7_1_2,201600
712,13_1_13_2_1_2,403200
713,6_1_18_15_1_2,201600
714,7_1_18_16_1_3,201600
715,19_1_17_20_1_4,230400
716,15_1_20_20_1_1,192000
717,17_1_18_18_1_5,230400
718,20_1_17_5_1_5,230400
719,10_2_20_11_1_6,57600
720,11_2_12_18_1_6,28800
721,20_2_9_14_1_5,57600
722,16_3_6_7_1_3,33600
723,6_2_11_9_1_5,28800
724,15_1_7_3_1_5,115200
725,16_2_14_10_1_12,9600
726,17_1_16_20_1_3,403200
727,10_1_10_18_1_14,4800
728,14_1_15_10_1_4,230400
729,18_1_5_6_1_1,96000
730,17_1_10_3_1_1,96000
731,19_2_12_19_1_6,57600
732,8_2_18_1_1_5,57600
733,14_1_14_18_1_5,230400
734,15_1_9_9_1_5,115200
735,18_1_11_4_1_2,201600
736,5_1_19_7_1_1,96000
737,16_1_11_15_1_6,115200
738,4_1_17_3_1_16,2400
739,8_1_11_16_1_3,100800
740,8_1_9_14_1_3,100800
741,17_1_11_1_1_2,201600
742,8_1_14_3_1_2,201600
743,18_1_20_1_1_5,230400
744,10_2_8_10_1_4,28800
745,11_2_13_2_1_1,48000
746,14_1_15_20_1_1,192000
747,10_1_15_1_1_2,201600
748,17_1_5_15_1_12,9600
749,11_2_5_9_1_3,50400
750,18_2_13_1_1_5,115200
751,8_2_16_5_1_1,48000
752,19_3_12_20_1_3,33600
753,5_2_13_16_1_1,48000
754,14_1_20_3_1_3,403200
755,9_1_17_2_1_3,201600
756,19_1_9_3_1_6,115200
757,6_2_16_14_1_2,100800
758,14_1_16_4_1_9,19200
759,15_1_20_20_1_2,403200
760,7_2_20_20_1_4,57600
761,13_1_20_20_1_5,230400
762,17_1_11_10_1_3,201600
763,20_1_20_17_1_3,403200
764,12_1_18_3_1_8,9600
765,16_1_19_15_1_1,192000
766,5_1_13_8_1_1,96000
767,19_1_18_9_1_2,403200
768,15_3_16_8_1_2,67200
769,17_2_9_16_1_4,57600
770,18_2_19_15_1_10,9600
771,4_3_8_7_1_6,2400
772,6_2_18_2_1_5,57600
773,16_2_12_1_1_2,100800
774,13_1_11_2_1_5,115200
775,19_2_20_9_1_1,96000
776,15_1_2_13_1_4,28800
777,17_2_8_1_1_11,4800
778,7_2_17_14_1_3,100800
779,18_2_3_3_1_5,14400
780,12_2_11_19_1_5,28800
781,13_1_14_9_1_6,230400
782,12_1_20_20_1_2,201600
783,9_1_9_15_1_2,100800
784,6_2_6_15_1_2,50400
785,20_2_13_20_1_1,96000
786,18_1_20_5_1_2,403200
787,15_1_13_4_1_2,403200
788,14_1_13_15_1_2,403200
789,6_1_2_8_1_4,14400
790,19_2_12_9_1_4,57600
791,8_1_18_3_1_1,96000
792,7_2_10_13_1_3,50400
793,8_1_2_20_1_3,25200
794,19_2_4_4_1_5,14400
795,12_1_7_2_1_14,4800
796,8_2_10_20_1_6,28800
797,12_1_13_10_1_3,201600
798,20_1_12_4_1_5,115200
799,7_1_14_4_1_5,115200
800,15_1_13_11_1_5,230400
801,7_3_20_1_1_3,33600
802,16_1_16_10_1_2,403200
803,15_1_9_2_1_9,9600
804,11_2_14_6_1_17,4800
805,20_2_18_5_1_1,96000
806,18_1_5_15_1_5,115200
807,19_1_19_9_1_3,403200
808,20_1_5_1_1_2,201600
809,18_1_12_1_1_7,9600
810,19_1_10_1_1_5,115200
811,12_1_17_7_1_6,115200
812,16_1_14_13_1_3,403200
813,17_1_19_19_1_2,403200
814,13_2_6_3_1_2,100800
815,15_1_19_17_1_6,230400
816,8_1_17_20_1_2,201600
817,14_1_17_5_1_5,230400
818,20_1_18_5_1_5,230400
819,19_2_18_9_1_4,115200
820,18_1_7_20_1_2,201600
821,11_3_13_11_1_5,19200
822,20_1_14_4_1_3,403200
823,20_1_19_14_1_4,230400
824,10_1_13_2_1_4,115200
825,6_1_8_15_1_2,100800
826,17_1_9_4_1_1,96000
827,18_2_20_4_1_2,201600
828,1_2_14_1_1_5,14400
829,10_2_5_5_1_3,50400
830,13_1_13_15_1_2,403200
831,13_1_15_6_1_3,403200
832,11_2_11_8_1_5,28800
833,10_1_19_17_1_12,9600
834,13_2_11_13_1_15,4800
835,19_1_15_5_1_6,230400
836,17_2_18_10_1_2,201600
837,13_3_8_9_1_1,16000
838,13_2_15_20_1_4,115200
839,20_2_14_18_1_2,201600
840,17_1_14_20_1_6,230400
841,14_1_10_13_1_5,115200
842,17_2_13_14_1_2,201600
843,7_1_13_14_1_2,201600
844,9_1_19_9_1_9,9600
845,6_1_9_13_1_12,4800
846,15_2_11_2_1_2,100800
847,16_1_3_9_1_2,50400
848,16_1_13_19_1_3,403200
849,5_2_18_11_1_2,100800
850,19_2_20_8_1_1,96000
851,19_1_13_8_1_5,230400
852,8_3_13_15_1_3,33600
853,20_2_14_12_1_4,115200
854,17_2_18_17_1_6,115200
855,20_1_6_15_1_4,115200
856,15_2_5_14_1_3,100800
857,11_1_8_13_1_6,57600
858,10_1_20_9_1_2,201600
859,20_3_14_18_1_14,3200
860,15_1_15_9_1_11,19200
861,11_2_8_15_1_2,50400
862,13_2_13_19_1_5,115200
863,15_1_16_11_1_3,403200
864,20_1_20_15_1_3,403200
865,5_2_13_11_1_3,100800
866,20_2_11_13_1_3,100800
867,16_2_19_19_1_5,115200
868,15_1_7_3_1_6,115200
869,18_1_19_6_1_1,192000
870,1_1_15_5_1_3,50400
871,20_2_5_6_1_3,100800
872,1_2_16_20_1_3,25200
873,16_1_6_13_1_3,201600
874,11_1_12_7_1_4,57600
875,15_2_18_5_1_6,115200
876,16_1_10_13_1_3,201600
877,18_2_8_13_1_5,57600
878,11_2_9_12_1_4,28800
879,17_2_5_5_1_4,57600
880,18_1_15_5_1_12,19200
881,14_2_18_11_1_3,201600
882,8_1_11_2_1_6,57600
883,6_1_6_18_1_6,57600
884,5_2_7_13_1_6,28800
885,20_1_14_12_1_2,403200
886,14_1_19_20_1_2,403200
887,16_1_6_15_1_5,115200
888,16_1_19_17_1_5,230400
889,15_1_18_14_1_6,230400
890,13_1_9_5_1_2,201600
891,10_1_18_12_1_6,115200
892,5_1_16_10_1_5,115200
893,19_3_19_9_1_18,3200
894,20_2_17_17_1_2,201600
895,15_1_20_7_1_2,403200
896,20_1_15_14_1_2,403200
897,19_2_20_5_1_1,96000
898,19_1_17_17_1_5,230400
899,18_1_7_7_1_8,9600
900,14_1_16_5_1_14,19200
901,7_1_6_12_1_2,100800
902,20_1_18_18_1_2,403200
903,16_2_15_11_1_13,9600
904,16_1_16_16_1_5,230400
905,19_2_17_17_1_7,9600
906,20_1_17_11_1_6,230400
907,12_1_5_12_1_3,100800
908,15_1_8_2_1_5,115200
909,5_1_20_20_1_2,201600
910,13_2_20_4_1_1,96000
911,12_1_16_20_1_9,9600
912,7_1_10_17_1_13,4800
913,6_1_6_20_1_6,57600
914,9_1_8_12_1_4,57600
915,20_1_20_9_1_2,403200
916,8_1_17_5_1_6,115200
917,14_2_15_20_1_5,115200
918,15_3_8_17_1_2,33600
919,19_1_20_13_1_2,403200
920,18_1_15_1_1_9,19200
921,8_2_12_5_1_2,50400
922,12_1_6_18_1_4,57600
923,7_1_13_10_1_2,201600
924,4_3_7_5_1_5,2400
925,13_2_20_9_1_1,96000
926,15_1_13_1_1_12,19200
927,3_1_7_17_1_5,14400
928,14_1_15_6_1_6,230400
929,19_1_12_13_1_6,115200
930,16_1_5_4_1_3,201600
931,5_2_7_5_1_2,50400
932,18_1_6_12_1_5,115200
933,7_1_10_11_1_1,48000
934,12_1_18_10_1_2,201600
935,15_2_8_14_1_4,57600
936,16_2_14_16_1_10,9600
937,9_1_12_15_1_5,57600
938,16_1_10_18_1_3,201600
939,20_2_15_17_1_2,201600
940,20_1_13_13_1_3,403200
941,19_2_20_19_1_16,9600
942,13_1_7_13_1_4,115200
943,19_1_8_17_1_6,115200
944,2_1_15_4_1_14,2400
945,20_2_19_11_1_5,115200
946,18_2_17_11_1_6,115200
947,6_2_20_20_1_2,100800
948,18_1_17_3_1_4,230400
949,9_2_7_4_1_5,28800
950,7_1_12_9_1_3,100800
951,17_3_17_20_1_1,32000
952,19_2_19_18_1_2,201600
953,17_2_2_19_1_3,25200
954,13_1_8_18_1_1,96000
955,18_1_5_5_1_11,9600
956,15_1_7_8_1_2,201600
957,15_2_12_13_1_2,100800
958,20_1_19_19_1_12,19200
959,14_2_12_11_1_4,57600
960,11_1_17_2_1_4,115200
961,16_1_14_8_1_1,192000
962,11_1_14_2_1_3,201600
963,16_2_15_5_1_5,115200
964,7_1_16_18_1_3,201600
965,9_1_18_3_1_5,115200
966,14_1_3_8_1_5,28800
967,10_3_8_15_1_1,8000
968,18_2_17_17_1_6,115200
969,11_1_7_12_1_5,57600
970,5_1_19_4_1_2,201600
971,16_2_7_3_1_4,57600
972,11_1_20_19_1_6,115200
973,13_1_13_1_1_3,403200
974,9_2_5_12_1_3,50400
975,4_1_11_18_1_3,25200
976,15_1_20_2_1_3,403200
977,10_2_18_11_1_5,57600
978,13_2_13_8_1_4,115200
979,19_2_17_18_1_2,201600
980,20_1_14_13_1_3,403200
981,14_1_13_16_1_3,403200
982,14_1_16_9_1_3,403200
983,16_1_19_17_1_7,19200
984,20_1_18_18_1_3,403200
985,10_1_19_19_1_3,201600
986,19_1_16_16_1_13,19200
987,1_2_11_4_1_5,7200
988,20_1_11_6_1_3,201600
989,20_1_20_11_1_3,403200
990,14_1_18_20_1_6,230400
991,20_1_2_6_1_4,28800
992,2_1_18_6_1_2,50400
993,20_1_10_12_1_7,9600
994,17_1_17_12_1_2,403200
995,8_1_2_17_1_5,14400
996,11_1_19_11_1_2,201600
997,10_1_19_5_1_17,9600
998,9_1_3_14_1_5,14400
999,14_2_11_6_1_18,4800
1000,15_1_14_18_1_5,230400
1001,20_1_16_3_1_6,230400
1002,17_2_20_9_1_3,201600
1003,12_1_7_7_1_3,100800
1004,14_1_15_2_1_4,230400
1005,14_2_14_9_1_3,201600
1006,15_1_20_2_1_4,230400
1007,10_1_14_3_1_3,201600
1008,19_2_19_14_1_3,201600
1009,2_1_11_3_1_12,1200
1010,8_2_17_11_1_1,48000
1011,6_2_7_17_1_3,50400
1012,5_1_13_16_1_5,115200
1013,16_1_13_19_1_12,19200
1014,20_1_17_13_1_12,19200
1015,8_1_17_12_1_3,201600
1016,13_1_12_20_1_2,201600
1017,2_1_17_5_1_3,50400
1018,14_1_10_20_1_4,115200
1019,15_2_12_19_1_2,100800
1020,18_1_20_20_1_14,19200
1021,20_1_6_13_1_4,115200
1022,16_1_11_1_1_14,9600
1023,12_3_18_3_1_4,19200
1024,19_2_5_1_1_5,57600
1025,20_1_8_15_1_2,201600
1026,20_2_9_9_1_3,100800
1027,11_1_19_16_1_2,201600
1028,6_1_19_2_1_1,96000
1029,10_1_10_20_1_1,48000
1030,7_2_19_20_1_6,57600
1031,10_1_15_16_1_4,115200
1032,19_2_20_4_1_6,115200
1033,8_2_12_7_1_3,50400
1034,19_1_13_7_1_3,403200
1035,19_1_12_7_1_5,115200
1036,7_2_18_16_1_2,100800
1037,13_2_11_15_1_6,57600
1038,16_1_13_3_1_3,403200
1039,19_1_14_7_1_5,230400
1040,13_1_14_11_1_6,230400
1041,20_2_6_12_1_2,100800
1042,18_1_18_6_1_4,230400
1043,9_3_6_9_1_5,9600
1044,16_1_20_7_1_4,230400
1045,15_3_11_2_1_3,33600
1046,11_2_15_15_1_4,57600
1047,18_1_18_10_1_4,230400
1048,13_1_13_1_1_2,403200
1049,11_2_18_12_1_2,100800
1050,9_1_6_18_1_2,100800
1051,16_2_16_12_1_1,96000
1052,15_2_20_7_1_5,115200
1053,18_1_20_19_1_4,230400
1054,5_1_15_1_1_6,115200
1055,12_2_19_20_1_6,57600
1056,16_1_20_13_1_2,403200
1057,3_2_15_7_1_6,14400
1058,13_1_11_10_1_3,201600
1059,7_1_16_9_1_2,201600
1060,20_1_18_3_1_3,403200
1061,12_1_18_15_1_2,201600
1062,16_2_17_11_1_17,9600
1063,18_1_16_4_1_5,230400
1064,14_1_19_5_1_8,19200
1065,20_2_17_14_1_6,115200
1066,20_1_12_12_1_2,201600
1067,8_2_8_14_1_1,24000
1068,19_2_19_17_1_4,115200
1069,20_2_11_20_1_6,57600
1070,4_2_17_6_1_3,25200
1071,17_3_15_14_1_3,67200
1072,19_2_5_12_1_1,48000
1073,15_2_4_6_1_2,25200
1074,20_2_20_17_1_2,201600
1075,20_1_15_19_1_6,230400
1076,15_2_11_8_1_4,57600
1077,12_3_5_7_1_4,9600
1078,5_2_12_11_1_2,50400
1079,15_2_10_13_1_3,100800
1080,18_1_10_10_1_4,115200
1081,20_2_4_12_1_1,12000
1082,14_3_7_6_1_4,19200
1083,16_1_10_6_1_8,9600
1084,14_2_3_12_1_3,25200
1085,12_1_13_19_1_15,9600
1086,18_1_16_10_1_3,403200
1087,5_2_17_2_1_5,57600
1088,15_1_14_7_1_5,230400
1089,16_3_18_11_1_2,67200
1090,13_2_11_5_1_14,4800
1091,4_1_11_6_1_1,12000
1092,15_3_16_13_1_4,38400
1093,18_1_13_17_1_2,403200
1094,12_2_9_17_1_2,50400
1095,6_2_16_19_1_2,100800
1096,16_1_17_19_1_4,230400
1097,14_1_10_16_1_6,115200
1098,17_1_13_1_1_15,19200
1099,18_1_16_16_1_2,403200
1100,10_1_16_10_1_3,201600
1101,3_1_15_1_1_6,28800
1102,17_1_16_13_1_2,403200
1103,16_1_19_19_1_4,230400
1104,13_1_7_1_1_3,201600
1105,12_1_17_15_1_5,115200
1106,16_2_13_11_1_5,115200
1107,8_1_19_15_1_2,201600
1108,17_1_5_17_1_2,201600
1109,14_1_18_5_1_6,230400
1110,13_1_5_6_1_6,115200
1111,13_1_17_8_1_5,230400
1112,14_2_3_9_1_3,25200
1113,14_2_6_10_1_3,100800
1114,9_3_13_12_1_6,19200
1115,20_2_16_18_1_5,115200
1116,16_1_2_20_1_5,28800
1117,11_1_17_1_1_2,201600
1118,8_1_14_9_1_3,201600
1119,7_1_12_13_1_8,4800
1120,20_1_16_17_1_4,230400
1121,9_1_18_3_1_2,201600
1122,16_3_8_8_1_5,19200
1123,18_1_11_12_1_2,201600
1124,11_1_17_12_1_2,201600
1125,17_1_13_19_1_3,403200
1126,12_1_13_11_1_1,96000
1127,7_1_20_10_1_3,201600
1128,11_2_14_11_1_5,57600
1129,13_1_19_18_1_2,403200
1130,19_1_17_16_1_3,403200
1131,19_1_9_5_1_5,115200
1132,14_2_18_10_1_3,201600
1133,6_2_12_7_1_3,50400
1134,13_2_14_1_1_17,9600
1135,20_2_6_13_1_4,57600
1136,17_2_3_17_1_2,25200
1137,18_3_14_12_1_2,67200
1138,18_2_8_4_1_3,100800
1139,20_2_19_9_1_2,201600
1140,18_1_8_9_1_5,115200
1141,13_1_14_3_1_4,230400
1142,18_1_8_7_1_7,9600
1143,4_1_18_13_1_4,28800
1144,18_2_18_9_1_4,115200
1145,19_2_18_9_1_6,115200
1146,12_3_10_14_1_5,9600
1147,4_3_18_14_1_3,8400
1148,18_3_13_19_1_11,3200
1149,11_2_17_1_1_5,57600
1150,11_1_13_2_1_6,115200
1151,8_1_12_15_1_5,57600
1152,9_2_15_5_1_1,48000
1153,8_2_12_5_1_3,50400
1154,5_2_17_10_1_4,57600
1155,19_1_6_1_1_5,115200
1156,17_2_9_8_1_6,57600
1157,6_1_18_13_1_3,201600
1158,15_1_4_19_1_14,2400
1159,18_2_19_13_1_7,9600
1160,15_1_19_14_1_12,19200
1161,9_1_18_7_1_2,201600
1162,14_1_18_4_1_1,192000
1163,11_2_17_10_1_5,57600
1164,5_1_20_15_1_2,201600
1165,5_2_8_5_1_2,50400
1166,16_1_10_20_1_5,115200
1167,9_1_7_7_1_1,48000
1168,4_2_16_6_1_2,25200
1169,15_1_12_2_1_2,201600
1170,6_1_14_10_1_6,115200
1171,5_2_18_20_1_3,100800
1172,12_1_20_4_1_10,9600
1173,13_1_13_3_1_1,192000
1174,17_1_19_14_1_6,230400
1175,16_1_15_5_1_2,403200
1176,11_1_17_20_1_1,96000
1177,18_1_17_13_1_5,230400
1178,18_1_4_17_1_3,50400
1179,15_1_10_16_1_5,115200
1180,14_1_18_4_1_2,403200
1181,13_1_7_13_1_2,201600
1182,9_2_16_2_1_3,100800
1183,17_1_19_14_1_5,230400
1184,16_1_16_13_1_6,230400
1185,14_1_16_19_1_4,230400
1186,8_2_17_18_1_3,100800
1187,12_1_5_20_1_1,48000
1188,14_2_2_19_1_5,14400
1189,19_2_7_1_1_2,100800
1190,13_2_18_18_1_2,201600
1191,13_2_9_6_1_5,57600
1192,15_2_13_13_1_5,115200
1193,20_2_11_20_1_5,57600
1194,11_3_12_15_1_6,9600
1195,11_2_9_4_1_17,2400
1196,18_2_17_10_1_2,201600
1197,17_1_20_9_1_4,230400
1198,16_1_14_17_1_5,230400
1199,8_1_17_11_1_1,96000
1200,13_1_19_10_1_3,403200
1201,3_3_20_8_1_1,4000
1202,9_1_13_3_1_6,115200
1203,9_3_14_17_1_11,1600
1204,19_2_14_6_1_3,201600
1205,17_3_13_15_1_3,67200
1206,15_1_14_7_1_2,403200
1207,15_1_14_3_1_6,230400
1208,6_1_5_11_1_3,100800
1209,10_1_7_10_1_1,48000
1210,20_1_20_12_1_4,230400
1211,15_3_13_7_1_3,67200
1212,8_1_17_20_1_5,115200
1213,17_2_5_6_1_5,57600
1214,9_1_18_3_1_3,201600
1215,7_2_9_13_1_10,2400
1216,14_2_15_11_1_3,201600
1217,15_1_19_10_1_17,19200
1218,15_2_17_19_1_10,9600
1219,14_2_7_3_1_2,100800
1220,13_1_8_7_1_4,115200
1221,16_1_11_17_1_5,115200
1222,16_1_6_13_1_2,201600
1223,14_1_3_17_1_3,50400
1224,19_2_19_9_1_2,201600
1225,12_1_7_19_1_5,57600
1226,15_1_2_11_1_13,2400
1227,17_1_7_2_1_6,115200
1228,19_1_6_8_1_2,201600
1229,20_3_1_11_1_5,4800
1230,20_1_18_20_1_3,403200
1231,15_1_9_4_1_4,115200
1232,19_2_14_8_1_6,115200
1233,7_3_13_6_1_3,33600
1234,7_1_19_19_1_5,115200
1235,16_3_15_5_1_17,3200
1236,20_1_13_3_1_5,230400
1237,14_2_18_16_1_3,201600
1238,6_2_7_13_1_3,50400
1239,8_2_9_8_1_3,50400
1240,20_1_10_12_1_3,201600
1241,14_1_17_4_1_2,403200
1242,17_1_9_11_1_16,9600
1243,20_1_8_16_1_6,115200
1244,20_2_18_9_1_3,201600
1245,16_3_11_1_1_13,1600
1246,20_1_20_7_1_2,403200
1247,7_3_5_12_1_3,16800
1248,7_2_15_13_1_3,100800
1249,10_1_6_14_1_3,100800
1250,13_1_11_11_1_4,115200
1251,16_2_15_14_1_1,96000
1252,6_1_7_13_1_8,4800
1253,15_1_17_6_1_3,403200
1254,18_1_9_13_1_2,201600
1255,16_1_14_6_1_6,230400
1256,15_1_14_11_1_2,403200
1257,5_1_16_3_1_4,115200
1258,18_1_15_7_1_1,192000
1259,9_1_20_8_1_4,115200
1260,13_2_20_7_1_4,115200
1261,16_1_7_17_1_5,115200
1262,17_2_5_10_1_3,100800
1263,8_1_19_2_1_6,115200
1264,13_1_7_7_1_1,96000
1265,18_1_15_14_1_3,403200
1266,17_1_20_7_1_2,403200
1267,12_2_17_7_1_2,100800
1268,15_2_15_2_1_2,201600
1269,12_2_5_8_1_6,28800
1270,18_1_14_3_1_1,192000
1271,11_1_12_10_1_6,57600
1272,18_1_13_14_1_3,403200
1273,8_1_12_8_1_3,100800
1274,16_2_18_20_1_2,201600
1275,11_1_9_3_1_2,100800
1276,16_2_14_4_1_6,115200
1277,20_2_11_13_1_6,57600
1278,19_2_17_12_1_4,115200
1279,19_1_11_18_1_5,115200
1280,20_3_14_11_1_2,67200
1281,16_2_3_19_1_3,25200
1282,20_2_16_14_1_1,96000
1283,15_2_17_6_1_12,9600
1284,19_1_16_9_1_2,403200
1285,8_2_15_12_1_3,100800
1286,17_1_12_19_1_6,115200
1287,11_1_13_3_1_2,201600
1288,14_3_13_3_1_2,67200
1289,12_3_12_1_1_5,9600
1290,4_2_19_7_1_3,25200
1291,18_1_5_1_1_2,201600
1292,2_2_19_10_1_15,1200
1293,20_2_13_3_1_2,201600
1294,14_1_13_15_1_4,230400
1295,15_2_14_19_1_2,201600
1296,14_1_6_2_1_5,115200
1297,19_1_7_19_1_7,9600
1298,19_1_19_13_1_9,19200
1299,2_1_20_14_1_2,50400
1300,15_1_16_1_1_1,192000
1301,9_1_9_5_1_3,100800
1302,17_2_14_5_1_2,201600
1303,14_1_11_9_1_2,201600
1304,17_1_16_9_1_3,403200
1305,12_3_12_15_1_6,9600
1306,1_3_13_13_1_3,8400
1307,8_2_10_13_1_3,50400
1308,13_2_16_17_1_3,201600
1309,17_1_14_17_1_5,230400
1310,13_1_5_11_1_3,201600
1311,8_2_15_20_1_3,100800
1312,19_3_19_3_1_4,38400
1313,6_1_17_4_1_16,9600
1314,18_2_9_19_1_3,100800
1315,20_2_13_12_1_2,201600
1316,15_2_13_6_1_7,9600
1317,17_1_19_8_1_2,403200
1318,19_2_8_18_1_4,57600
1319,14_2_16_8_1_2,201600
1320,10_1_17_11_1_1,96000
1321,19_1_11_1_1_6,115200
1322,8_1_6_13_1_3,100800
1323,20_2_19_17_1_5,115200
1324,17_1_13_20_1_2,403200
1325,5_1_20_2_1_1,96000
1326,7_3_18_2_1_5,19200
1327,17_1_19_1_1_6,230400
1328,13_1_12_17_1_2,201600
1329,4_1_11_5_1_4,14400
1330,19_2_12_18_1_11,4800
1331,6_1_17_9_1_3,201600
1332,13_3_12_13_1_2,33600
1333,5_2_12_5_1_15,2400
1334,16_1_16_15_1_15,19200
1335,15_1_14_16_1_6,230400
1336,13_1_13_3_1_3,403200
1337,18_1_14_18_1_1,192000
1338,18_1_15_16_1_3,403200
1339,15_1_14_8_1_3,403200
1340,18_3_18_11_1_3,67200
1341,16_1_19_5_1_5,230400
1342,16_1_15_13_1_3,403200
1343,6_2_9_15_1_5,28800
1344,16_3_17_14_1_4,38400
1345,12_1_12_15_1_4,57600
1346,14_2_14_20_1_3,201600
1347,9_2_20_15_1_3,100800
1348,4_1_18_5_1_6,28800
1349,20_1_8_7_1_2,201600
1350,15_1_13_7_1_12,19200
1351,18_1_20_11_1_5,230400
1352,6_1_11_3_1_4,57600
1353,15_1_1_15_1_4,28800
1354,14_1_6_19_1_1,96000
1355,18_1_16_9_1_12,19200
1356,15_2_20_6_1_13,9600
1357,19_1_17_18_1_3,403200
1358,17_1_16_5_1_13,19200
1359,16_2_20_8_1_3,201600
1360,13_1_16_10_1_4,230400
1361,5_1_16_2_1_4,115200
1362,8_1_20_13_1_3,201600
1363,17_1_14_17_1_2,403200
1364,8_1_18_17_1_6,115200
1365,14_1_20_10_1_4,230400
1366,18_1_14_6_1_15,19200
1367,9_2_9_17_1_18,2400
1368,18_1_19_5_1_3,403200
1369,13_1_14_12_1_18,19200
1370,18_3_16_2_1_2,67200
1371,20_3_20_10_1_5,38400
1372,5_1_19_11_1_3,201600
1373,14_2_20_7_1_2,201600
1374,11_1_18_11_1_7,9600
1375,4_3_19_5_1_6,4800
1376,14_1_20_9_1_2,403200
1377,17_1_20_17_1_5,230400
1378,20_2_20_4_1_3,201600
1379,5_1_15_3_1_5,115200
1380,13_2_15_9_1_2,201600
1381,8_1_13_7_1_3,201600
1382,18_1_17_14_1_4,230400
1383,11_1_15_16_1_2,201600
1384,12_1_11_18_1_3,100800
1385,14_1_5_6_1_6,115200
1386,14_2_19_14_1_1,96000
1387,17_2_8_1_1_1,48000
1388,13_1_13_15_1_16,19200
1389,13_1_5_14_1_3,201600
1390,15_1_16_11_1_4,230400
1391,14_2_14_8_1_2,201600
1392,7_1_11_4_1_6,57600
1393,20_1_5_4_1_2,201600
1394,5_1_20_16_1_6,115200
1395,17_2_17_17_1_3,201600
1396,19_1_15_10_1_6,230400
1397,17_2_13_17_1_3,201600
1398,11_1_12_19_1_1,48000
1399,14_2_9_10_1_2,100800
1400,17_1_18_5_1_6,230400
1401,7_1_9_8_1_3,100800
1402,13_2_20_12_1_12,9600
1403,19_2_18_2_1_4,115200
1404,20_2_15_3_1_4,115200
1405,7_1_14_2_1_1,96000
1406,10_2_19_3_1_4,57600
1407,10_1_13_18_1_2,201600
1408,14_1_18_1_1_1,192000
1409,5_1_19_12_1_4,115200
1410,20_2_7_15_1_5,57600
1411,13_2_5_13_1_4,57600
1412,15_1_11_14_1_1,96000
1413,19_2_17_19_1_2,201600
1414,13_1_7_13_1_5,115200
1415,14_1_8_11_1_2,201600
1416,13_1_20_6_1_12,19200
1417,3_1_8_2_1_11,1200
1418,10_2_19_2_1_2,100800
1419,20_2_5_14_1_3,100800
1420,17_1_14_12_1_1,192000
1421,6_2_18_9_1_3,100800
1422,2_3_20_10_1_6,4800
1423,6_1_20_5_1_1,96000
1424,14_2_15_19_1_13,9600
1425,11_1_16_1_1_4,115200
1426,16_1_16_11_1_5,230400
1427,16_1_8_11_1_3,201600
1428,20_1_19_8_1_3,403200
1429,17_1_10_8_1_1,96000
1430,14_1_3_13_1_3,50400
1431,7_3_9_17_1_1,8000
1432,18_2_17_14_1_16,9600
1433,18_1_16_19_1_5,230400
1434,16_2_20_1_1_1,96000
1435,14_1_15_20_1_6,230400
1436,3_1_17_1_1_6,28800
1437,13_1_15_15_1_2,403200
1438,20_2_14_5_1_3,201600
1439,3_1_16_14_1_3,50400
1440,13_1_10_16_1_6,115200
1441,7_1_14_15_1_6,115200
1442,11_1_6_8_1_4,57600
1443,17_1_18_20_1_6,230400
1444,19_1_17_7_1_3,403200
1445,9_1_18_17_1_2,201600
1446,12_1_10_15_1_4,57600
1447,15_2_14_16_1_2,201600
1448,13_1_5_20_1_10,9600
1449,19_2_14_14_1_14,9600
1450,14_1_9_11_1_2,201600
1451,1_1_6_18_1_1,12000
1452,19_1_20_1_1_2,403200
1453,18_2_16_6_1_3,201600
1454,6_2_4_6_1_5,7200
1455,6_2_13_2_1_2,100800
1456,11_1_11_13_1_8,4800
1457,15_2_17_3_1_4,115200
1458,6_1_16_13_1_3,201600
1459,7_1_6_2_1_6,57600
1460,20_2_1_20_1_3,25200
1461,16_1_11_2_1_3,201600
1462,9_1_18_11_1_11,9600
1463,16_1_15_5_1_5,230400
1464,16_2_14_20_1_4,115200
1465,17_1_16_11_1_5,230400
1466,17_2_8_14_1_2,100800
1467,12_1_19_16_1_4,115200
1468,6_1_19_18_1_6,115200
1469,14_3_11_20_1_1,16000
1470,13_1_20_19_1_6,230400
1471,10_1_13_15_1_3,201600
1472,16_3_6_8_1_1,16000
1473,10_2_20_1_1_2,100800
1474,13_2_17_1_1_12,9600
1475,18_1_19_9_1_2,403200
1476,10_1_19_11_1_3,201600
1477,13_2_6_3_1_4,57600
1478,20_2_5_15_1_4,57600
1479,19_1_17_12_1_2,403200
1480,18_1_15_15_1_6,230400
1481,1_1_16_16_1_3,50400
1482,16_2_20_4_1_2,201600
1483,11_2_15_5_1_1,48000
1484,18_2_9_8_1_2,100800
1485,13_1_13_2_1_3,403200
1486,13_3_16_4_1_4,38400
1487,16_1_11_13_1_3,201600
1488,14_1_13_12_1_4,230400
1489,12_2_6_17_1_2,50400
1490,19_1_8_6_1_4,115200
1491,14_1_4_8_1_3,50400
1492,16_1_15_15_1_6,230400
1493,14_1_11_19_1_9,9600
1494,20_1_6_9_1_3,201600
1495,15_2_14_10_1_3,201600
1496,20_2_12_20_1_5,57600
1497,20_1_15_10_1_6,230400
1498,6_1_16_8_1_1,96000
1499,17_2_11_11_1_5,57600
1500,12_2_17_14_1_2,100800
1501,12_3_18_6_1_2,33600
1502,16_1_15_8_1_3,403200
1503,10_1_20_5_1_4,115200
1504,6_2_13_13_1_2,100800
1505,18_1_19_14_1_3,403200
1506,19_1_15_8_1_3,403200
1507,20_1_19_2_1_18,19200
1508,13_2_20_9_1_10,9600
1509,9_2_16_12_1_1,48000
1510,4_1_6_20_1_3,25200
1511,10_1_6_3_1_3,100800
1512,14_3_19_6_1_5,38400
1513,18_1_1_16_1_6,28800
1514,6_2_18_17_1_6,57600
1515,19_3_13_5_1_14,3200
1516,3_2_12_2_1_2,12600
1517,12_2_19_4_1_2,100800
1518,19_2_19_8_1_1,96000
1519,5_1_6_17_1_5,57600
1520,19_2_10_1_1_4,57600
1521,9_1_15_9_1_1,96000
1522,20_2_11_3_1_2,100800
1523,2_1_15_9_1_6,28800
1524,19_1_18_18_1_1,192000
1525,16_1_13_14_1_8,19200
1526,6_1_18_1_1_3,201600
1527,8_1_17_17_1_4,115200
1528,17_3_6_2_1_3,33600
1529,17_1_18_4_1_2,403200
1530,16_1_7_18_1_1,96000
1531,19_2_10_19_1_1,48000
1532,9_1_19_12_1_1,96000
1533,13_1_18_14_1_4,230400
1534,8_1_10_19_1_5,57600
1535,13_2_5_11_1_10,4800
1536,15_1_10_3_1_4,115200
1537,17_1_18_11_1_3,403200
1538,13_3_5_8_1_2,33600
1539,14_1_20_17_1_3,403200
1540,3_2_17_16_1_3,25200
1541,20_1_11_13_1_3,201600
1542,9_1_17_19_1_3,201600
1543,10_1_12_2_1_1,48000
1544,15_2_15_18_1_4,115200
1545,19_3_17_17_1_3,67200
1546,11_1_13_10_1_12,9600
1547,7_1_9_16_1_6,57600
1548,15_2_6_8_1_6,57600
1549,17_2_11_19_1_12,4800
1550,20_2_18_6_1_3,201600
1551,8_3_8_13_1_14,800
1552,9_2_16_15_1_3,100800
1553,18_2_8_10_1_5,57600
1554,13_1_16_16_1_4,230400
1555,12_2_14_12_1_6,57600
1556,6_1_13_11_1_13,9600
1557,13_1_18_4_1_2,403200
1558,18_3_8_3_1_3,33600
1559,14_1_16_6_1_2,403200
1560,19_2_16_17_1_14,9600
1561,2_2_4_7_1_15,150
1562,6_1_13_4_1_6,115200
1563,17_2_13_12_1_1,96000
1564,13_2_11_6_1_3,100800
1565,13_3_8_13_1_4,19200
1566,7_1_15_2_1_3,201600
1567,3_1_12_18_1_6,14400
1568,5_2_20_18_1_3,100800
1569,17_1_20_15_1_4,230400
1570,10_2_14_19_1_6,57600
1571,19_1_7_17_1_3,201600
1572,1_3_11_20_1_6,2400
1573,15_1_16_14_1_6,230400
1574,6_1_15_10_1_6,115200
1575,1_1_15_3_1_4,28800
1576,13_1_20_18_1_3,403200
1577,4_1_16_6_1_2,50400
1578,15_2_19_11_1_1,96000
1579,11_1_8_6_1_18,4800
1580,10_3_14_14_1_4,19200
1581,4_2_18_2_1_1,12000
1582,11_2_9_7_1_14,2400
1583,8_3_15_12_1_2,33600
1584,4_1_19_20_1_6,28800
1585,11_3_17_16_1_5,19200
1586,19_2_6_6_1_3,100800
1587,16_1_12_15_1_4,115200
1588,14_3_5_15_1_5,19200
1589,20_1_18_16_1_4,230400
1590,17_2_20_3_1_6,115200
1591,16_2_13_17_1_5,115200
1592,18_1_10_18_1_5,115200
1593,20_3_15_4_1_2,67200
1594,17_1_7_11_1_6,115200
1595,9_3_14_7_1_2,33600
1596,19_1_15_18_1_1,192000
1597,9_2_8_20_1_3,50400
1598,18_1_9_4_1_3,201600
1599,18_2_13_7_1_6,115200
1600,17_1_16_1_1_3,403200
1601,14_2_15_17_1_3,201600
1602,13_1_17_12_1_3,403200
1603,16_1_19_9_1_6,230400
1604,7_1_9_9_1_3,100800
1605,5_1_6_11_1_4,57600
1606,17_1_17_8_1_3,403200
1607,16_2_20_5_1_1,96000
1608,14_1_17_16_1_6,230400
1609,19_1_7_10_1_3,201600
1610,20_3_18_20_1_17,3200
1611,16_1_17_20_1_3,403200
1612,14_2_15_1_1_4,115200
1613,18_2_18_8_1_6,115200
1614,10_2_17_7_1_1,48000
1615,17_1_10_6_1_2,201600
1616,8_1_17_14_1_3,201600
1617,7_2_10_17_1_2,50400
1618,7_3_17_7_1_3,33600
1619,19_1_15_20_1_1,192000
1620,12_1_8_20_1_3,100800
1621,5_1_7_19_1_4,57600
1622,13_2_11_11_1_1,48000
1623,18_1_16_4_1_3,403200
1624,19_2_12_18_1_4,57600
1625,20_1_15_2_1_10,19200
1626,16_1_20_3_1_1,192000
1627,19_1_13_12_1_1,192000
1628,17_1_18_18_1_1,192000
1629,16_1_20_6_1_3,403200
1630,12_1_13_5_1_6,115200
1631,13_2_17_9_1_3,201600
1632,14_2_15_1_1_2,201600
1633,16_1_18_9_1_2,403200
1634,2_2_20_19_1_3,25200
1635,11_2_13_17_1_2,100800
1636,15_1_18_13_1_4,230400
1637,19_3_6_18_1_2,33600
1638,19_1_3_1_1_3,50400
1639,14_1_17_1_1_1,192000
1640,11_1_16_19_1_2,201600
1641,8_1_10_10_1_1,48000
1642,20_2_18_5_1_4,115200
1643,17_1_14_10_1_5,230400
1644,12_2_9_11_1_2,50400
1645,18_1_20_16_1_4,230400
1646,16_1_18_1_1_4,230400
1647,5_1_18_4_1_4,115200
1648,20_1_17_9_1_3,403200
1649,6_1_16_4_1_2,201600
1650,9_2_16_17_1_6,57600
1651,5_3_19_19_1_1,16000
1652,14_1_16_1_1_2,403200
1653,3_1_20_7_1_3,50400
1654,18_2_1_6_1_11,1200
1655,18_3_20_13_1_3,67200
1656,20_3_5_4_1_4,19200
1657,13_2_13_17_1_3,201600
1658,10_1_14_2_1_13,9600
1659,17_2_5_4_1_3,100800
1660,3_1_9_6_1_1,12000
1661,10_1_19_16_1_5,115200
1662,15_1_6_8_1_4,115200
1663,16_3_6_5_1_6,19200
1664,8_1_17_10_1_6,115200
1665,10_2_17_9_1_6,57600
1666,19_1_18_7_1_1,192000
1667,17_1_15_2_1_1,192000
1668,19_1_12_19_1_4,115200
1669,15_3_16_14_1_3,67200
1670,18_2_6_19_1_4,57600
1671,7_1_17_4_1_10,9600
1672,17_3_20_9_1_3,67200
1673,18_1_13_6_1_3,403200
1674,7_1_9_7_1_3,100800
1675,17_1_17_19_1_4,230400
1676,19_2_17_12_1_2,201600
1677,7_1_12_20_1_4,57600
1678,17_1_15_12_1_3,403200
1679,9_1_10_9_1_5,57600
1680,10_1_19_13_1_4,115200
1681,13_1_15_9_1_4,230400
1682,16_1_19_10_1_5,230400
1683,5_2_13_18_1_2,100800
1684,5_1_11_9_1_2,100800
1685,20_1_19_16_1_5,230400
1686,15_2_15_14_1_6,115200
1687,15_2_12_12_1_5,57600
1688,20_1_19_17_1_5,230400
1689,15_1_7_13_1_2,201600
1690,11_1_13_11_1_6,115200
1691,7_1_14_1_1_8,9600
1692,7_2_11_1_1_1,24000
1693,16_1_20_5_1_18,19200
1694,14_2_15_11_1_15,9600
1695,16_3_15_11_1_3,67200
1696,7_1_17_8_1_2,201600
1697,9_1_17_2_1_2,201600
1698,15_3_8_20_1_2,33600
1699,19_2_12_10_1_4,57600
1700,8_1_10_15_1_3,100800
1701,4_1_20_15_1_5,28800
1702,16_2_16_4_1_2,201600
1703,17_1_19_5_1_3,403200
1704,14_2_15_5_1_6,115200
1705,14_1_16_16_1_4,230400
1706,20_1_19_4_1_2,403200
1707,12_3_15_12_1_6,19200
1708,12_1_9_20_1_4,57600
1709,10_2_7_11_1_12,2400
1710,6_1_18_1_1_17,9600
1711,11_1_18_1_1_3,201600
1712,18_1_9_3_1_3,201600
1713,19_2_11_2_1_2,100800
1714,7_1_16_8_1_4,115200
1715,9_2_18_14_1_3,100800
1716,1_1_6_1_1_6,14400
1717,11_3_10_18_1_3,16800
1718,17_1_18_13_1_18,19200
1719,18_1_16_20_1_2,403200
1720,19_3_19_18_1_1,32000
1721,11_1_16_16_1_4,115200
1722,19_1_7_18_1_5,115200
1723,16_2_8_15_1_2,100800
1724,13_1_15_5_1_5,230400
1725,13_1_11_9_1_2,201600
1726,20_1_16_5_1_1,192000
1727,19_1_18_5_1_13,19200
1728,5_1_20_5_1_2,201600
1729,14_1_15_2_1_3,403200
1730,11_1_13_6_1_2,201600
1731,13_1_6_18_1_3,201600
1732,2_1_18_18_1_2,50400
1733,15_1_13_8_1_14,19200
1734,17_1_20_4_1_6,230400
1735,9_1_19_19_1_4,115200
1736,16_1_9_13_1_13,9600
1737,18_3_15_4_1_5,38400
1738,14_2_19_18_1_7,9600
1739,8_1_13_4_1_4,115200
1740,5_1_13_12_1_2,201600
1741,12_1_20_9_1_4,115200
1742,18_2_20_7_1_6,115200
1743,15_1_17_17_1_2,403200
1744,14_3_7_19_1_3,33600
1745,15_1_13_10_1_2,403200
1746,12_1_18_13_1_5,115200
1747,10_3_7_9_1_3,16800
1748,18_1_13_20_1_3,403200
1749,15_2_8_3_1_8,4800
1750,9_1_19_18_1_3,201600
1751,19_1_16_15_1_1,192000
1752,7_1_11_15_1_1,48000
1753,5_2_8_15_1_2,50400
1754,15_1_15_15_1_2,403200
1755,1_2_5_16_1_12,600
1756,13_3_2_11_1_4,4800
1757,12_2_7_1_1_3,50400
1758,5_1_5_3_1_2,100800
1759,17_2_17_5_1_5,115200
1760,13_1_5_10_1_1,96000
1761,19_2_3_18_1_2,25200
1762,17_3_19_7_1_6,38400
1763,15_3_7_3_1_3,33600
1764,13_1_12_10_1_6,115200
1765,15_1_7_5_1_3,201600
1766,6_2_7_3_1_2,50400
1767,15_2_13_7_1_14,9600
1768,9_2_12_12_1_4,28800
1769,18_2_13_8_1_3,201600
1770,13_1_6_6_1_2,201600
1771,15_1_7_7_1_1,96000
1772,17_2_15_12_1_6,115200
1773,4_2_15_3_1_4,14400
1774,6_2_19_13_1_5,57600
1775,5_1_6_18_1_8,4800
1776,18_1_15_20_1_4,230400
1777,19_2_19_9_1_3,201600
1778,16_2_14_20_1_3,201600
1779,12_2_5_4_1_15,2400
1780,16_2_14_16_1_2,201600
1781,17_3_18_4_1_16,3200
1782,19_1_19_16_1_2,403200
1783,11_2_13_5_1_3,100800
1784,19_2_14_3_1_4,115200
1785,15_1_13_6_1_2,403200
1786,7_1_16_13_1_2,201600
1787,5_3_18_1_1_16,1600
1788,12_1_17_1_1_3,201600
1789,12_1_14_14_1_3,201600
1790,16_1_7_1_1_6,115200
1791,5_1_14_12_1_4,115200
1792,8_1_15_12_1_2,201600
1793,19_1_10_17_1_3,201600
1794,7_3_14_18_1_3,33600
1795,17_2_3_11_1_3,25200
1796,15_1_19_18_1_5,230400
1797,13_3_17_10_1_3,67200
1798,5_1_15_7_1_16,9600
1799,13_3_6_13_1_2,33600
1800,19_1_18_20_1_6,230400
1801,8_1_12_12_1_17,4800
1802,16_1_8_1_1_3,201600
1803,19_1_19_12_1_4,230400
1804,14_2_18_14_1_5,115200
1805,14_1_9_6_1_6,115200
1806,9_1_12_17_1_13,4800
1807,10_1_19_15_1_9,9600
1808,13_1_8_17_1_2,201600
1809,20_2_20_3_1_2,201600
1810,8_1_14_19_1_5,115200
1811,16_2_6_19_1_10,4800
1812,19_1_10_10_1_4,115200
1813,9_1_13_4_1_2,201600
1814,18_2_13_11_1_6,115200
1815,14_1_19_8_1_5,230400
1816,18_1_20_16_1_3,403200
1817,19_1_19_19_1_2,403200
1818,6_1_10_15_1_3,100800
1819,12_1_18_9_1_4,115200
1820,7_3_20_13_1_3,33600
1821,5_2_18_3_1_2,100800
1822,15_2_8_10_1_6,57600
1823,9_3_18_9_1_4,19200
1824,13_2_6_20_1_12,4800
1825,17_2_19_7_1_4,115200
1826,7_2_8_9_1_3,50400
1827,16_1_19_18_1_2,403200
1828,20_2_10_6_1_3,100800
1829,19_1_17_13_1_6,230400
1830,18_1_6_19_1_2,201600
1831,16_2_15_15_1_5,115200
1832,14_3_10_12_1_3,33600
1833,13_3_19_5_1_4,38400
1834,18_2_20_17_1_2,201600
1835,17_1_17_12_1_6,230400
1836,16_1_12_20_1_15,9600
1837,5_1_20_9_1_2,201600
1838,14_2_7_13_1_5,57600
1839,13_1_11_3_1_4,115200
1840,14_2_20_6_1_4,115200
1841,17_1_12_12_1_6,115200
1842,13_1_17_7_1_5,230400
1843,13_2_18_16_1_3,201600
1844,19_2_18_9_1_2,201600
1845,16_1_13_5_1_11,19200
1846,10_1_20_10_1_4,115200
1847,19_2_20_11_1_6,115200
1848,10_1_10_11_1_2,100800
1849,5_1_20_10_1_6,115200
1850,11_1_9_11_1_5,57600
1851,2_3_14_18_1_5,4800
1852,7_1_18_4_1_2,201600
1853,16_1_20_6_1_2,403200
1854,11_3_5_11_1_14,800
1855,5_1_19_11_1_4,115200
1856,14_1_13_19_1_2,403200
1857,17_1_19_4_1_18,19200
1858,10_1_14_14_1_4,115200
1859,7_2_10_7_1_1,24000
1860,17_1_17_9_1_1,192000
1861,14_1_16_15_1_2,403200
1862,13_1_15_11_1_4,230400
1863,1_1_17_17_1_4,28800
1864,16_2_19_4_1_6,115200
1865,18_2_10_13_1_2,100800
1866,12_1_19_11_1_2,201600
1867,18_1_12_8_1_5,115200
1868,14_3_17_19_1_2,67200
1869,9_1_8_7_1_2,100800
1870,17_1_18_3_1_3,403200
1871,20_2_13_10_1_3,201600
1872,17_1_20_2_1_1,192000
1873,8_2_11_15_1_2,50400
1874,20_1_7_10_1_2,201600
1875,13_1_20_2_1_17,19200
1876,15_2_15_20_1_5,115200
1877,16_1_2_12_1_12,2400
1878,2_3_20_4_1_5,4800
1879,13_2_16_3_1_3,201600
1880,18_2_20_11_1_1,96000
1881,17_2_16_7_1_5,115200
1882,7_1_7_9_1_6,57600
1883,15_2_7_10_1_3,100800
1884,20_3_15_9_1_6,38400
1885,12_2_13_18_1_3,100800
1886,3_3_2_6_1_6,600
1887,13_2_16_19_1_2,201600
1888,2_3_17_5_1_2,8400
1889,14_2_8_17_1_2,100800
1890,15_1_18_8_1_5,230400
1891,14_2_11_11_1_2,100800
1892,6_1_19_12_1_8,9600
1893,19_3_14_8_1_2,67200
1894,17_1_18_16_1_4,230400
1895,5_1_18_7_1_6,115200
1896,15_2_16_12_1_6,115200
1897,13_2_15_6_1_2,201600
1898,20_2_16_9_1_2,201600
1899,5_1_19_8_1_2,201600
1900,14_1_17_9_1_4,230400
1901,15_1_15_13_1_4,230400
1902,13_1_8_9_1_12,9600
1903,18_1_14_8_1_6,230400
1904,15_1_4_12_1_1,24000
1905,19_1_12_3_1_2,201600
1906,13_2_17_20_1_2,201600
1907,13_1_15_14_1_2,403200
1908,14_1_7_18_1_3,201600
1909,5_1_10_9_1_3,100800
1910,5_2_16_15_1_3,100800
1911,15_1_17_4_1_3,403200
1912,16_2_5_14_1_2,100800
1913,15_3_14_14_1_5,38400
1914,15_2_14_7_1_2,201600
1915,10_2_11_3_1_1,24000
1916,11_2_15_2_1_13,4800
1917,11_1_18_17_1_4,115200
1918,18_2_20_7_1_5,115200
1919,11_2_19_11_1_5,57600
1920,17_2_16_6_1_2,201600
1921,15_2_17_18_1_3,201600
1922,1_2_14_16_1_5,14400
1923,6_2_15_18_1_5,57600
1924,9_1_5_2_1_2,100800
1925,16_1_6_5_1_2,201600
1926,18_1_17_17_1_3,403200
1927,19_1_20_4_1_4,230400
1928,14_1_18_16_1_3,403200
1929,17_1_5_19_1_5,115200
1930,5_2_20_16_1_6,57600
1931,15_1_18_2_1_3,403200
1932,7_1_13_7_1_3,201600
1933,16_1_17_8_1_12,19200
1934,19_1_3_4_1_3,50400
1935,17_1_4_13_1_2,50400
1936,11_1_14_8_1_2,201600
1937,9_2_13_6_1_6,57600
1938,17_1_13_20_1_4,230400
1939,20_1_19_20_1_1,192000
1940,14_2_15_10_1_3,201600
1941,20_1_14_17_1_15,19200
1942,7_2_15_14_1_4,57600
1943,18_1_8_14_1_3,201600
1944,18_1_20_15_1_2,403200
1945,20_1_13_17_1_4,230400
1946,17_1_11_2_1_3,201600
1947,16_2_13_3_1_15,9600
1948,11_2_15_14_1_13,4800
1949,18_2_18_15_1_5,115200
1950,12_2_18_7_1_2,100800
1951,12_1_20_1_1_2,201600
1952,16_1_7_8_1_4,115200
1953,14_2_9_18_1_4,57600
1954,9_1_18_16_1_1,96000
1955,11_1_17_19_1_6,115200
1956,19_2_6_6_1_2,100800
1957,20_1_13_12_1_4,230400
1958,13_2_2_17_1_1,12000
1959,17_1_16_20_1_1,192000
1960,9_3_15_15_1_3,33600
1961,4_1_17_2_1_6,28800
1962,15_2_15_6_1_2,201600
1963,7_1_19_6_1_3,201600
1964,13_1_12_8_1_1,96000
1965,10_1_6_8_1_3,100800
1966,15_2_8_20_1_4,57600
1967,6_1_17_18_1_2,201600
1968,11_1_14_15_1_4,115200
1969,8_1_6_13_1_18,4800
1970,9_1_16_18_1_1,96000
1971,6_1_8_19_1_2,100800
1972,15_1_14_17_1_1,192000
1973,17_1_6_3_1_5,115200
1974,19_2_19_13_1_3,201600
1975,13_2_17_13_1_3,201600
1976,18_1_16_2_1_3,403200
1977,14_1_6_20_1_2,201600
1978,13_1_13_2_1_5,230400
1979,18_2_8_17_1_3,100800
1980,10_1_17_9_1_3,201600
1981,7_2_8_6_1_2,50400
1982,8_1_14_12_1_2,201600
1983,19_2_17_5_1_2,201600
1984,15_1_17_4_1_17,19200
1985,18_2_18_7_1_2,201600
1986,17_1_14_2_1_5,230400
1987,11_2_6_18_1_10,2400
1988,20_1_5_18_1_5,115200
1989,6_1_12_1_1_5,57600
1990,20_2_5_9_1_3,100800
1991,14_3_9_14_1_3,33600
1992,12_1_14_17_1_3,201600
1993,18_1_19_11_1_2,403200
1994,7_1_16_11_1_5,115200
1995,13_2_8_8_1_6,57600
1996,14_1_1_16_1_3,50400
1997,7_1_20_12_1_2,201600
1998,17_2_13_19_1_1,96000
1999,18_3_9_15_1_11,1600
2000,10_1_16_14_1_5,115200
